ID,Gender,Age,Region_Code,Occupation,Channel_Code,Vintage,Credit_Product,Avg_Account_Balance,Is_Active,Is_Lead,CreditProduct_No,CreditProduct_Yes,IsActive_No,IsActive_Yes
NNVBBKZB,Female,73,RG268,Other,X3,43.0,No,1045696,No,0,1.0,0.0,1.0,0.0
IDD62UNG,Female,30,RG277,Salaried,X1,32.0,No,581988,No,0,1.0,0.0,1.0,0.0
HD3DSEMC,Female,56,RG268,Self_Employed,X3,26.0,No,1484315,Yes,0,1.0,0.0,0.0,1.0
BF3NC7KV,Male,34,RG270,Salaried,X1,19.0,No,470454,No,0,1.0,0.0,1.0,0.0
TEASRWXV,Female,30,RG282,Salaried,X1,33.0,No,886787,No,0,1.0,0.0,1.0,0.0
ACUTYTWS,Male,56,RG261,Self_Employed,X1,32.0,No,544163,Yes,0,1.0,0.0,0.0,1.0
ETQCZFEJ,Male,62,RG282,Other,X3,20.0,No,1056750,Yes,1,1.0,0.0,0.0,1.0
JJNJUQMQ,Female,48,RG265,Self_Employed,X3,13.0,No,444724,Yes,0,1.0,0.0,0.0,1.0
ZMQFYKCB,Female,40,RG283,Self_Employed,X2,38.0,No,1274284,No,0,1.0,0.0,1.0,0.0
NVKTFBA2,Female,55,RG268,Self_Employed,X2,49.0,Yes,2014239,No,0,0.0,1.0,1.0,0.0
NVC424KZ,Male,53,RG254,Self_Employed,X3,123.0,No,980664,Yes,0,1.0,0.0,0.0,1.0
GZ5TMYIR,Male,27,RG270,Self_Employed,X1,14.0,Yes,502787,No,0,0.0,1.0,1.0,0.0
FCPEEIY3,Female,27,RG277,Salaried,X1,20.0,No,811591,Yes,0,1.0,0.0,0.0,1.0
KCE7JSFN,Male,31,RG254,Salaried,X1,31.0,Yes,938754,No,0,0.0,1.0,1.0,0.0
EMEEHHBK,Male,79,RG277,Other,X3,57.0,No,832185,Yes,0,1.0,0.0,0.0,1.0
UJ2NJKKL,Male,33,RG268,Self_Employed,X2,69.0,No,517063,Yes,1,1.0,0.0,0.0,1.0
CNGSPYWS,Female,46,RG268,Other,X3,97.0,Yes,2282502,No,1,0.0,1.0,1.0,0.0
VH7NBNNQ,Female,59,RG283,Other,X3,15.0,Yes,2384692,No,1,0.0,1.0,1.0,0.0
HDNJXDWC,Female,65,RG277,Other,X2,20.0,No,341573,Yes,0,1.0,0.0,0.0,1.0
BDOKI4CP,Female,37,RG269,Other,X1,63.0,No,633484,Yes,0,1.0,0.0,0.0,1.0
7PMYNWB3,Male,44,RG269,Self_Employed,X2,19.0,Yes,1001650,No,1,0.0,1.0,1.0,0.0
6JXEYFTS,Male,27,RG257,Salaried,X1,21.0,No,1239342,No,0,1.0,0.0,1.0,0.0
NRZGJBV6,Female,32,RG279,Salaried,X1,26.0,No,1339779,Yes,0,1.0,0.0,0.0,1.0
WWIFTDEZ,Male,50,RG280,Self_Employed,X3,99.0,No,887330,Yes,0,1.0,0.0,0.0,1.0
J7TXC9PM,Female,31,RG282,Salaried,X1,33.0,No,396806,No,0,1.0,0.0,1.0,0.0
BKYUGEXJ,Male,70,RG280,Other,X2,63.0,No,872600,No,0,1.0,0.0,1.0,0.0
TEEXIT7E,Male,25,RG283,Salaried,X1,14.0,No,804577,Yes,0,1.0,0.0,0.0,1.0
KKCUHNIZ,Female,31,RG268,Salaried,X1,26.0,No,1543429,No,0,1.0,0.0,1.0,0.0
D2HUKRM5,Female,27,RG277,Salaried,X1,19.0,No,423862,No,0,1.0,0.0,1.0,0.0
KGLLM5AM,Female,52,RG283,Self_Employed,X3,56.0,Yes,1056910,Yes,1,0.0,1.0,0.0,1.0
THFYI78B,Female,26,RG280,Salaried,X1,21.0,No,483136,No,0,1.0,0.0,1.0,0.0
ABPMK4WU,Female,32,RG279,Salaried,X4,15.0,No,1072850,Yes,1,1.0,0.0,0.0,1.0
8NT2COGL,Female,32,RG252,Salaried,X1,31.0,No,394225,No,0,1.0,0.0,1.0,0.0
PQXUNUBE,Male,27,RG279,Salaried,X1,21.0,Yes,312158,No,0,0.0,1.0,1.0,0.0
FXPTJYP7,Male,67,RG268,Other,X1,87.0,Yes,1684182,No,1,0.0,1.0,1.0,0.0
PML5FCBV,Female,29,RG284,Salaried,X1,26.0,No,2521592,No,0,1.0,0.0,1.0,0.0
MTEIXMB9,Female,41,RG268,Self_Employed,X3,62.0,No,962383,No,1,1.0,0.0,1.0,0.0
AGDXY8Y5,Male,59,RG284,Self_Employed,X3,55.0,Yes,294714,Yes,1,0.0,1.0,0.0,1.0
DVT4HY9T,Male,49,RG268,Salaried,X3,63.0,Yes,1280247,Yes,1,0.0,1.0,0.0,1.0
87RGCC5J,Female,48,RG283,Self_Employed,X1,26.0,Yes,1343268,Yes,0,0.0,1.0,0.0,1.0
6WX9JDVK,Female,63,RG254,Other,X3,103.0,No,1249319,Yes,1,1.0,0.0,0.0,1.0
GOKQQYOZ,Female,34,RG259,Salaried,X1,21.0,Yes,503143,No,0,0.0,1.0,1.0,0.0
RZOTSEWU,Female,46,RG281,Self_Employed,X3,69.0,Yes,589616,Yes,0,0.0,1.0,0.0,1.0
8ZRKYVMC,Male,61,RG254,Self_Employed,X2,103.0,No,2235617,Yes,1,1.0,0.0,0.0,1.0
UFQKX85Q,Female,34,RG258,Salaried,X1,31.0,No,643728,No,0,1.0,0.0,1.0,0.0
6DSYSPJI,Male,64,RG284,Other,X2,87.0,Yes,2194259,No,0,0.0,1.0,1.0,0.0
WEEBFQFF,Female,29,RG280,Other,X1,31.0,No,308091,No,0,1.0,0.0,1.0,0.0
E58WHHER,Male,41,RG266,Self_Employed,X4,14.0,No,228187,Yes,0,1.0,0.0,0.0,1.0
3EZ9VENT,Male,40,RG260,Self_Employed,X3,20.0,No,403899,No,0,1.0,0.0,1.0,0.0
ENKVYPSK,Female,26,RG270,Salaried,X1,14.0,No,300971,No,0,1.0,0.0,1.0,0.0
R25YTVSB,Female,27,RG269,Salaried,X1,32.0,No,1188692,No,0,1.0,0.0,1.0,0.0
KKJM7YSI,Female,27,RG279,Salaried,X1,14.0,No,894547,No,0,1.0,0.0,1.0,0.0
HQ6OCAPR,Female,59,RG254,Self_Employed,X2,57.0,No,1797301,No,0,1.0,0.0,1.0,0.0
JLHDNBUG,Male,60,RG268,Other,X3,104.0,Yes,1681503,No,1,0.0,1.0,1.0,0.0
LHCIEDVN,Female,27,RG257,Other,X1,13.0,No,344430,Yes,0,1.0,0.0,0.0,1.0
G9JQ3YXM,Female,29,RG274,Salaried,X1,19.0,No,621424,No,0,1.0,0.0,1.0,0.0
MYQVVJNR,Female,76,RG283,Other,X3,93.0,No,1061778,Yes,1,1.0,0.0,0.0,1.0
KYDSJMAF,Male,57,RG268,Self_Employed,X3,61.0,No,2110626,No,0,1.0,0.0,1.0,0.0
8DRVHH8G,Female,44,RG256,Self_Employed,X3,91.0,No,334159,No,0,1.0,0.0,1.0,0.0
JQHOPGIY,Male,37,RG277,Salaried,X1,27.0,No,403134,No,0,1.0,0.0,1.0,0.0
BHQ57HGE,Male,36,RG254,Self_Employed,X2,15.0,No,584792,No,1,1.0,0.0,1.0,0.0
NFKTDJEO,Male,33,RG268,Salaried,X2,39.0,No,858271,Yes,1,1.0,0.0,0.0,1.0
KWPLQBM5,Male,28,RG275,Other,X1,20.0,No,803171,No,0,1.0,0.0,1.0,0.0
QAEWRMJZ,Male,58,RG273,Self_Employed,X2,32.0,Yes,1148954,No,0,0.0,1.0,1.0,0.0
4KYUQM5T,Male,65,RG284,Other,X3,50.0,No,842331,Yes,0,1.0,0.0,0.0,1.0
QIT5X6XI,Female,43,RG268,Self_Employed,X2,14.0,Yes,757069,No,1,0.0,1.0,1.0,0.0
BMVY9HMH,Male,41,RG273,Salaried,X2,45.0,No,1301794,Yes,1,1.0,0.0,0.0,1.0
GRD4ASAB,Female,30,RG254,Other,X1,25.0,No,1348011,No,0,1.0,0.0,1.0,0.0
JHMECDT5,Male,26,RG254,Other,X1,26.0,No,2106541,No,0,1.0,0.0,1.0,0.0
AF6MCWFM,Male,30,RG274,Salaried,X1,26.0,Yes,571682,Yes,1,0.0,1.0,0.0,1.0
ZD7YSCRF,Female,27,RG254,Salaried,X1,26.0,Yes,480386,No,0,0.0,1.0,1.0,0.0
HXSR7NXQ,Male,27,RG254,Salaried,X1,13.0,No,2824468,No,0,1.0,0.0,1.0,0.0
8DRB9MJ7,Male,48,RG284,Self_Employed,X3,117.0,No,597510,No,0,1.0,0.0,1.0,0.0
GWNQOHZS,Male,35,RG261,Salaried,X1,26.0,No,1646945,No,0,1.0,0.0,1.0,0.0
FBTYYHEF,Female,30,RG267,Salaried,X1,19.0,No,777308,No,0,1.0,0.0,1.0,0.0
3WBGKSEZ,Female,49,RG283,Self_Employed,X2,57.0,Yes,2031478,Yes,0,0.0,1.0,0.0,1.0
6PDC2J7Y,Male,40,RG283,Self_Employed,X3,21.0,No,579924,Yes,0,1.0,0.0,0.0,1.0
ASOWTRTQ,Male,71,RG282,Other,X3,80.0,No,1635980,No,0,1.0,0.0,1.0,0.0
RVVH3HJH,Male,55,RG268,Self_Employed,X2,81.0,No,2073949,No,0,1.0,0.0,1.0,0.0
UYQ6AHQP,Female,73,RG284,Other,X3,81.0,No,740969,Yes,1,1.0,0.0,0.0,1.0
EJQSWB3E,Female,82,RG268,Other,X2,87.0,No,825475,Yes,0,1.0,0.0,0.0,1.0
59SC4PLK,Male,32,RG254,Salaried,X1,25.0,No,963843,No,0,1.0,0.0,1.0,0.0
Q4DONA6L,Male,45,RG273,Other,X3,73.0,No,254451,Yes,1,1.0,0.0,0.0,1.0
RAGPQVIW,Female,41,RG284,Other,X3,21.0,Yes,446744,Yes,0,0.0,1.0,0.0,1.0
HPLUCSBS,Male,44,RG284,Self_Employed,X2,67.0,Yes,1199853,Yes,0,0.0,1.0,0.0,1.0
M6XJVFRF,Female,29,RG265,Other,X1,32.0,No,328143,No,0,1.0,0.0,1.0,0.0
49HD2EFN,Female,30,RG254,Salaried,X1,27.0,No,1139467,No,0,1.0,0.0,1.0,0.0
WAHBZOUQ,Female,42,RG261,Self_Employed,X1,25.0,No,731037,No,0,1.0,0.0,1.0,0.0
XWMQXFTU,Female,54,RG268,Self_Employed,X3,97.0,Yes,1419710,Yes,1,0.0,1.0,0.0,1.0
OKSJNQ2Q,Male,58,RG272,Self_Employed,X3,57.0,No,777753,Yes,0,1.0,0.0,0.0,1.0
FQYJ5WEQ,Female,27,RG268,Other,X1,31.0,Yes,412701,Yes,0,0.0,1.0,0.0,1.0
NKMDPPAX,Male,28,RG251,Salaried,X1,13.0,No,187086,No,0,1.0,0.0,1.0,0.0
TEVZFJZ9,Male,46,RG269,Entrepreneur,X3,14.0,Yes,658003,No,0,0.0,1.0,1.0,0.0
J3KDTBZV,Male,61,RG254,Self_Employed,X3,109.0,No,1859183,No,0,1.0,0.0,1.0,0.0
BADKNR8F,Female,29,RG261,Salaried,X1,26.0,No,1637724,No,0,1.0,0.0,1.0,0.0
EAMNDHZT,Male,27,RG262,Self_Employed,X1,13.0,No,1829314,Yes,0,1.0,0.0,0.0,1.0
CKW8TZSW,Male,59,RG254,Self_Employed,X3,45.0,No,612417,Yes,1,1.0,0.0,0.0,1.0
2MRQPWKL,Female,33,RG264,Salaried,X1,13.0,No,429166,No,0,1.0,0.0,1.0,0.0
67JILKEK,Male,28,RG270,Salaried,X1,25.0,No,606552,No,0,1.0,0.0,1.0,0.0
DY5XD7KP,Female,30,RG260,Self_Employed,X1,26.0,No,651871,No,0,1.0,0.0,1.0,0.0
2ANR4UDN,Female,60,RG268,Other,X1,27.0,Yes,948918,No,0,0.0,1.0,1.0,0.0
AYA7AGXV,Male,47,RG254,Self_Employed,X2,33.0,No,675314,Yes,0,1.0,0.0,0.0,1.0
CH3KDRDX,Male,44,RG270,Self_Employed,X3,13.0,No,481231,Yes,0,1.0,0.0,0.0,1.0
MHOTYB3O,Male,49,RG283,Self_Employed,X2,56.0,No,650705,Yes,1,1.0,0.0,0.0,1.0
UCCSJGXM,Female,60,RG268,Self_Employed,X3,27.0,Yes,1209260,Yes,0,0.0,1.0,0.0,1.0
ZU3M7VBK,Male,40,RG283,Self_Employed,X2,26.0,Yes,1258032,No,0,0.0,1.0,1.0,0.0
3DLLLZTT,Male,26,RG256,Salaried,X1,27.0,Yes,682897,No,0,0.0,1.0,1.0,0.0
GEDBSPNO,Male,30,RG254,Salaried,X1,27.0,No,940899,No,0,1.0,0.0,1.0,0.0
DZ9WNZEJ,Female,40,RG282,Self_Employed,X2,56.0,No,761813,Yes,0,1.0,0.0,0.0,1.0
H8SSUOLH,Male,78,RG283,Other,X2,92.0,No,1808346,Yes,1,1.0,0.0,0.0,1.0
FZUWN4QB,Male,43,RG280,Self_Employed,X3,45.0,Yes,685664,No,1,0.0,1.0,1.0,0.0
HNZJII4C,Male,41,RG268,Self_Employed,X2,26.0,No,961155,No,0,1.0,0.0,1.0,0.0
KK8HKZEZ,Female,51,RG268,Self_Employed,X3,122.0,Yes,2230188,No,0,0.0,1.0,1.0,0.0
JAS9QVTW,Female,27,RG268,Salaried,X1,21.0,No,6278683,Yes,0,1.0,0.0,0.0,1.0
TCZNPN6Z,Male,28,RG281,Salaried,X1,15.0,No,358545,No,0,1.0,0.0,1.0,0.0
86KSFTPL,Female,25,RG270,Salaried,X1,19.0,No,937214,Yes,0,1.0,0.0,0.0,1.0
GZWNW77C,Female,68,RG254,Other,X3,21.0,No,1476874,Yes,0,1.0,0.0,0.0,1.0
6BOBHWF4,Male,57,RG278,Self_Employed,X2,80.0,Yes,599210,No,0,0.0,1.0,1.0,0.0
PDFNBVYL,Male,36,RG270,Other,X1,32.0,No,1771651,Yes,0,1.0,0.0,0.0,1.0
JMXU5DWU,Male,46,RG268,Self_Employed,X2,91.0,No,1346053,Yes,1,1.0,0.0,0.0,1.0
DKK33FRN,Male,50,RG283,Self_Employed,X3,91.0,Yes,1992558,No,1,0.0,1.0,1.0,0.0
BYBDRIYT,Female,46,RG276,Self_Employed,X2,81.0,Yes,694262,No,0,0.0,1.0,1.0,0.0
MKDB84R6,Female,83,RG272,Other,X2,73.0,No,2049305,Yes,0,1.0,0.0,0.0,1.0
LGTTAC9H,Female,50,RG268,Other,X2,75.0,No,957168,Yes,0,1.0,0.0,0.0,1.0
QUKLW8UR,Male,51,RG268,Self_Employed,X2,79.0,No,1388275,Yes,0,1.0,0.0,0.0,1.0
HXDKS6AG,Male,46,RG283,Self_Employed,X3,121.0,Yes,1947070,Yes,0,0.0,1.0,0.0,1.0
QAGYQMYH,Female,52,RG283,Self_Employed,X2,56.0,No,861164,Yes,1,1.0,0.0,0.0,1.0
7KPNANHS,Male,31,RG278,Salaried,X1,32.0,No,363271,No,0,1.0,0.0,1.0,0.0
EMVN9YJW,Male,34,RG277,Salaried,X1,13.0,No,760229,Yes,1,1.0,0.0,0.0,1.0
FXEYPQUE,Male,33,RG283,Salaried,X3,20.0,No,1232267,Yes,0,1.0,0.0,0.0,1.0
FO4N8AUE,Female,57,RG277,Self_Employed,X3,111.0,Yes,612916,No,0,0.0,1.0,1.0,0.0
NZDGI5CB,Male,39,RG283,Salaried,X2,45.0,Yes,1383852,Yes,1,0.0,1.0,0.0,1.0
AXBUBZA2,Female,84,RG284,Other,X1,32.0,No,1455239,No,1,1.0,0.0,1.0,0.0
SFMWRHFS,Male,44,RG268,Self_Employed,X3,87.0,No,2189471,Yes,0,1.0,0.0,0.0,1.0
5WTCQM8T,Male,51,RG269,Self_Employed,X2,15.0,No,728865,Yes,0,1.0,0.0,0.0,1.0
XZWKJXSE,Male,59,RG270,Self_Employed,X3,116.0,No,687560,Yes,0,1.0,0.0,0.0,1.0
XYCQGKBF,Male,42,RG254,Self_Employed,X2,20.0,No,705618,No,0,1.0,0.0,1.0,0.0
5UHQSVBQ,Male,55,RG251,Self_Employed,X3,111.0,No,309355,Yes,0,1.0,0.0,0.0,1.0
RVJ8EHSD,Male,28,RG279,Self_Employed,X1,14.0,No,1656290,Yes,0,1.0,0.0,0.0,1.0
NEQYSKOH,Female,29,RG270,Salaried,X1,33.0,No,576835,No,0,1.0,0.0,1.0,0.0
YJVRXE3J,Male,44,RG268,Self_Employed,X2,73.0,No,856473,No,0,1.0,0.0,1.0,0.0
BFXKUSWU,Male,56,RG270,Self_Employed,X3,116.0,No,490888,Yes,1,1.0,0.0,0.0,1.0
O28TZ2PT,Female,26,RG262,Salaried,X1,20.0,No,1175467,No,0,1.0,0.0,1.0,0.0
E5WQQBKA,Male,52,RG277,Self_Employed,X2,92.0,No,569973,Yes,0,1.0,0.0,0.0,1.0
6AIJ3W3H,Female,53,RG283,Self_Employed,X1,55.0,No,1583950,Yes,0,1.0,0.0,0.0,1.0
MLGTNA5P,Male,24,RG274,Salaried,X1,15.0,No,965391,No,0,1.0,0.0,1.0,0.0
25GBTWNE,Male,36,RG276,Other,X2,20.0,No,1128849,No,0,1.0,0.0,1.0,0.0
C7W9XRIA,Male,54,RG257,Self_Employed,X2,27.0,No,605422,Yes,0,1.0,0.0,0.0,1.0
XWVYMHMY,Female,56,RG280,Self_Employed,X3,123.0,No,1195492,Yes,1,1.0,0.0,0.0,1.0
N7TQ3KCH,Male,43,RG268,Other,X1,13.0,Yes,1203075,No,0,0.0,1.0,1.0,0.0
KG875MV5,Male,26,RG254,Salaried,X1,26.0,No,1192333,Yes,1,1.0,0.0,0.0,1.0
45TIWGFK,Male,59,RG268,Self_Employed,X2,50.0,No,1497273,No,0,1.0,0.0,1.0,0.0
DGSANBRC,Female,29,RG262,Salaried,X1,26.0,No,615141,No,0,1.0,0.0,1.0,0.0
CUHPBKMB,Female,31,RG281,Salaried,X1,26.0,No,846576,No,0,1.0,0.0,1.0,0.0
H5ZRIMFU,Female,31,RG283,Salaried,X1,15.0,No,2202456,Yes,0,1.0,0.0,0.0,1.0
MUJF6T2Y,Male,33,RG283,Salaried,X1,26.0,No,693016,No,0,1.0,0.0,1.0,0.0
IAV4XNG9,Female,37,RG268,Self_Employed,X2,19.0,No,738237,Yes,0,1.0,0.0,0.0,1.0
JM2PCVDG,Male,30,RG263,Salaried,X1,31.0,No,938914,No,0,1.0,0.0,1.0,0.0
YH2XPQAW,Female,39,RG268,Self_Employed,X3,85.0,No,876899,No,0,1.0,0.0,1.0,0.0
RKBKDSHM,Female,38,RG274,Self_Employed,X1,27.0,No,552075,No,0,1.0,0.0,1.0,0.0
6WMJHGH9,Male,47,RG254,Other,X2,87.0,Yes,1223500,No,0,0.0,1.0,1.0,0.0
YHCCWK5C,Male,61,RG278,Self_Employed,X2,57.0,No,844307,Yes,0,1.0,0.0,0.0,1.0
YUPTTPHK,Male,59,RG274,Self_Employed,X3,27.0,No,2367159,Yes,0,1.0,0.0,0.0,1.0
99VNYGBJ,Female,58,RG284,Self_Employed,X3,115.0,Yes,950609,Yes,1,0.0,1.0,0.0,1.0
LF3T3X7L,Female,49,RG279,Self_Employed,X2,86.0,No,859295,Yes,1,1.0,0.0,0.0,1.0
AZXQFDBI,Male,27,RG254,Salaried,X1,19.0,No,963656,Yes,0,1.0,0.0,0.0,1.0
EEL6MZKS,Female,51,RG257,Self_Employed,X3,43.0,Yes,657220,No,0,0.0,1.0,1.0,0.0
LIPZH2S4,Male,32,RG264,Salaried,X1,13.0,No,473061,No,0,1.0,0.0,1.0,0.0
AJ4IWPWP,Male,29,RG254,Salaried,X1,32.0,Yes,761875,No,0,0.0,1.0,1.0,0.0
JTWWLQTE,Male,57,RG251,Self_Employed,X2,80.0,No,1791890,Yes,0,1.0,0.0,0.0,1.0
HSZZ4FDJ,Male,40,RG284,Self_Employed,X2,37.0,No,1524845,Yes,0,1.0,0.0,0.0,1.0
FIXNGXHG,Male,56,RG282,Self_Employed,X2,61.0,No,574459,Yes,0,1.0,0.0,0.0,1.0
5BV3GES6,Female,38,RG280,Salaried,X2,13.0,No,1690733,No,1,1.0,0.0,1.0,0.0
HNTKLOT9,Female,32,RG270,Salaried,X1,25.0,Yes,471299,No,0,0.0,1.0,1.0,0.0
E4WT8DYW,Female,30,RG280,Other,X1,26.0,No,415683,No,0,1.0,0.0,1.0,0.0
MW84PPXA,Female,54,RG268,Self_Employed,X2,91.0,No,1438845,Yes,0,1.0,0.0,0.0,1.0
D6B4VHCO,Female,29,RG250,Salaried,X1,20.0,Yes,502485,No,0,0.0,1.0,1.0,0.0
J952LX5P,Male,28,RG270,Self_Employed,X1,19.0,No,622955,Yes,0,1.0,0.0,0.0,1.0
E2DR8B3F,Female,27,RG266,Salaried,X1,27.0,No,777548,No,0,1.0,0.0,1.0,0.0
36ETD8OV,Male,32,RG254,Other,X1,33.0,Yes,2186427,No,0,0.0,1.0,1.0,0.0
HZ5SUAKX,Male,41,RG256,Self_Employed,X3,33.0,No,596033,Yes,0,1.0,0.0,0.0,1.0
FAO2WTQB,Female,27,RG255,Self_Employed,X1,32.0,No,1025315,No,0,1.0,0.0,1.0,0.0
GDXHFRGP,Female,30,RG277,Salaried,X1,33.0,No,1061236,No,0,1.0,0.0,1.0,0.0
JCDJRQB8,Male,46,RG272,Other,X3,50.0,No,948134,No,0,1.0,0.0,1.0,0.0
HW8HSYK3,Female,74,RG268,Other,X3,33.0,No,5878049,Yes,0,1.0,0.0,0.0,1.0
GDZ5GWTZ,Male,42,RG254,Self_Employed,X2,91.0,No,816174,No,1,1.0,0.0,1.0,0.0
2GKAE9Z9,Male,47,RG254,Self_Employed,X3,122.0,No,1134945,No,0,1.0,0.0,1.0,0.0
97UWAML4,Male,57,RG260,Salaried,X2,74.0,No,347393,Yes,1,1.0,0.0,0.0,1.0
AUOBQMCN,Female,82,RG283,Other,X3,93.0,No,1187010,No,0,1.0,0.0,1.0,0.0
39G8WRSG,Male,53,RG268,Self_Employed,X3,97.0,No,817625,Yes,0,1.0,0.0,0.0,1.0
G99FXPH4,Female,41,RG281,Self_Employed,X2,14.0,No,344056,Yes,0,1.0,0.0,0.0,1.0
6JX66EZB,Male,44,RG276,Self_Employed,X2,19.0,Yes,380448,Yes,1,0.0,1.0,0.0,1.0
DBHGK8S8,Female,36,RG268,Salaried,X2,31.0,No,362292,Yes,1,1.0,0.0,0.0,1.0
JL6J6TCT,Female,44,RG254,Self_Employed,X3,21.0,Yes,802343,Yes,0,0.0,1.0,0.0,1.0
Q4SMLNEF,Female,28,RG282,Salaried,X1,33.0,No,829836,No,0,1.0,0.0,1.0,0.0
DUVRPHBA,Male,24,RG256,Other,X1,14.0,No,604692,No,0,1.0,0.0,1.0,0.0
6PVV73DD,Female,59,RG268,Other,X2,50.0,Yes,1597728,No,0,0.0,1.0,1.0,0.0
EQZ6XAYP,Female,30,RG251,Self_Employed,X1,33.0,Yes,456516,No,0,0.0,1.0,1.0,0.0
CKFMGDUP,Male,57,RG277,Self_Employed,X3,110.0,Yes,589856,Yes,1,0.0,1.0,0.0,1.0
8SYWZ46N,Male,33,RG284,Salaried,X1,31.0,No,2476923,Yes,0,1.0,0.0,0.0,1.0
HYAF4HF7,Female,29,RG260,Salaried,X1,27.0,No,889350,No,0,1.0,0.0,1.0,0.0
FTGZXSMW,Male,25,RG254,Salaried,X1,25.0,Yes,1514895,No,1,0.0,1.0,1.0,0.0
2385YFEE,Male,28,RG269,Other,X1,31.0,No,1290046,No,0,1.0,0.0,1.0,0.0
BNF8ZGD7,Male,45,RG268,Self_Employed,X3,44.0,No,848445,Yes,0,1.0,0.0,0.0,1.0
MWFHEZ5B,Female,67,RG268,Other,X2,73.0,No,1664807,Yes,0,1.0,0.0,0.0,1.0
6OB4KY6J,Male,33,RG268,Other,X1,25.0,No,2952343,No,0,1.0,0.0,1.0,0.0
NEXRCCVK,Male,56,RG266,Self_Employed,X3,85.0,No,499770,Yes,1,1.0,0.0,0.0,1.0
UTXSIR72,Male,52,RG282,Self_Employed,X3,73.0,No,323942,No,1,1.0,0.0,1.0,0.0
RJ6AR4YG,Male,51,RG283,Salaried,X3,87.0,Yes,1083041,No,1,0.0,1.0,1.0,0.0
6QS6MLJ9,Male,34,RG283,Salaried,X4,9.0,Yes,1496472,No,1,0.0,1.0,1.0,0.0
VP83GAVK,Female,51,RG283,Self_Employed,X3,97.0,No,247535,Yes,0,1.0,0.0,0.0,1.0
DL88EJNT,Male,57,RG283,Self_Employed,X2,63.0,Yes,5950700,No,0,0.0,1.0,1.0,0.0
COJX7JA2,Male,50,RG254,Other,X3,45.0,No,2019160,Yes,1,1.0,0.0,0.0,1.0
DAKUO3PF,Male,54,RG283,Self_Employed,X2,61.0,Yes,936849,No,0,0.0,1.0,1.0,0.0
HYZVTVYA,Male,61,RG284,Self_Employed,X1,45.0,Yes,2601656,No,0,0.0,1.0,1.0,0.0
AYBXSLUN,Male,53,RG277,Other,X2,45.0,Yes,656659,No,0,0.0,1.0,1.0,0.0
W4ORA2MV,Male,44,RG263,Self_Employed,X2,50.0,No,399236,Yes,0,1.0,0.0,0.0,1.0
FRFT83JQ,Female,50,RG268,Entrepreneur,X1,44.0,No,2476336,No,1,1.0,0.0,1.0,0.0
7VSCS8EX,Female,47,RG268,Self_Employed,X3,99.0,No,3949713,No,0,1.0,0.0,1.0,0.0
XBIZJWPC,Female,36,RG261,Salaried,X1,25.0,No,1153707,No,0,1.0,0.0,1.0,0.0
5ETCKNBV,Male,47,RG284,Self_Employed,X2,99.0,Yes,1595307,No,1,0.0,1.0,1.0,0.0
K4OFW4MH,Male,50,RG272,Salaried,X2,81.0,No,732567,No,1,1.0,0.0,1.0,0.0
DUKS89WE,Male,34,RG255,Salaried,X1,32.0,No,746985,No,0,1.0,0.0,1.0,0.0
HL86W8YJ,Male,57,RG283,Other,X2,87.0,No,1074461,No,1,1.0,0.0,1.0,0.0
TC8CBESU,Female,29,RG283,Salaried,X1,13.0,No,2048949,Yes,0,1.0,0.0,0.0,1.0
2TW8RFGF,Female,51,RG283,Self_Employed,X3,26.0,Yes,1662261,Yes,0,0.0,1.0,0.0,1.0
G5FWNPOH,Female,27,RG266,Salaried,X1,26.0,No,251522,No,0,1.0,0.0,1.0,0.0
CVK9B97H,Male,53,RG280,Self_Employed,X3,74.0,No,758440,Yes,0,1.0,0.0,0.0,1.0
JFH9PATE,Female,50,RG272,Self_Employed,X2,68.0,Yes,700047,No,1,0.0,1.0,1.0,0.0
ILWVGF8F,Male,47,RG261,Self_Employed,X2,51.0,Yes,827895,No,0,0.0,1.0,1.0,0.0
PUQ8EB6V,Male,74,RG254,Other,X3,92.0,No,2383571,Yes,0,1.0,0.0,0.0,1.0
KZX5BHZS,Male,61,RG283,Self_Employed,X2,115.0,Yes,1609378,No,0,0.0,1.0,1.0,0.0
LDRY9RXT,Male,53,RG277,Self_Employed,X1,15.0,No,478811,Yes,0,1.0,0.0,0.0,1.0
WIEGYJDQ,Male,54,RG253,Other,X2,73.0,Yes,676177,No,1,0.0,1.0,1.0,0.0
MK7NGQX4,Female,42,RG251,Self_Employed,X3,51.0,No,568309,No,0,1.0,0.0,1.0,0.0
L4SKGEQG,Female,31,RG279,Salaried,X1,15.0,No,503971,No,0,1.0,0.0,1.0,0.0
BEPUKMR8,Female,51,RG276,Entrepreneur,X3,57.0,Yes,1102051,Yes,1,0.0,1.0,0.0,1.0
NDCALHUR,Male,27,RG270,Salaried,X1,19.0,No,728073,No,0,1.0,0.0,1.0,0.0
9JIJ7Z7K,Female,60,RG264,Self_Employed,X2,92.0,Yes,857417,No,1,0.0,1.0,1.0,0.0
QGZ8CFGY,Male,46,RG283,Self_Employed,X3,87.0,Yes,489144,No,1,0.0,1.0,1.0,0.0
HBCV5QT8,Female,28,RG268,Salaried,X1,27.0,No,3123134,No,0,1.0,0.0,1.0,0.0
GRPXJJM9,Female,28,RG282,Salaried,X1,31.0,Yes,668879,No,0,0.0,1.0,1.0,0.0
TTL6JNNF,Male,31,RG268,Other,X1,20.0,No,1776306,Yes,0,1.0,0.0,0.0,1.0
HJDGHZ7I,Female,30,RG254,Other,X1,25.0,No,1230629,No,0,1.0,0.0,1.0,0.0
KLVRETES,Male,46,RG276,Self_Employed,X3,37.0,No,922280,Yes,1,1.0,0.0,0.0,1.0
Q2ACWEVY,Male,31,RG270,Other,X1,26.0,No,300081,No,0,1.0,0.0,1.0,0.0
VJMIRWEK,Female,76,RG263,Other,X1,19.0,No,771149,No,0,1.0,0.0,1.0,0.0
F5PBMGG7,Female,31,RG272,Salaried,X1,14.0,No,575910,No,0,1.0,0.0,1.0,0.0
IMSGGWDR,Male,29,RG283,Salaried,X1,14.0,No,1032836,Yes,0,1.0,0.0,0.0,1.0
HYJB6TUU,Female,67,RG251,Other,X3,98.0,No,1273314,Yes,0,1.0,0.0,0.0,1.0
YDEEGOHO,Male,63,RG253,Other,X3,15.0,No,803340,No,0,1.0,0.0,1.0,0.0
HT5KWDGQ,Male,55,RG283,Other,X2,61.0,No,1071364,No,0,1.0,0.0,1.0,0.0
AYNJRUBF,Male,73,RG280,Other,X3,85.0,No,438084,Yes,0,1.0,0.0,0.0,1.0
NH62X5ER,Male,46,RG268,Self_Employed,X2,21.0,No,2113385,Yes,0,1.0,0.0,0.0,1.0
KXE6JQ7V,Male,27,RG252,Other,X1,25.0,No,237069,Yes,0,1.0,0.0,0.0,1.0
GDH3WGSN,Male,47,RG253,Self_Employed,X3,99.0,Yes,557540,Yes,0,0.0,1.0,0.0,1.0
5FJMOUTA,Male,27,RG254,Salaried,X1,13.0,No,1158237,No,0,1.0,0.0,1.0,0.0
O3NJJLJP,Male,43,RG261,Self_Employed,X3,75.0,No,943266,No,0,1.0,0.0,1.0,0.0
JIVKZAX7,Male,48,RG254,Self_Employed,X2,92.0,Yes,815738,No,0,0.0,1.0,1.0,0.0
YLYYWAUC,Male,27,RG277,Other,X1,20.0,No,784401,Yes,0,1.0,0.0,0.0,1.0
4OEWDKYJ,Male,27,RG280,Salaried,X1,20.0,No,292543,No,0,1.0,0.0,1.0,0.0
GEOUFPTZ,Female,36,RG284,Self_Employed,X3,39.0,No,795597,Yes,0,1.0,0.0,0.0,1.0
HJFEIUAE,Female,62,RG254,Other,X2,69.0,Yes,2729727,Yes,1,0.0,1.0,0.0,1.0
5FQ5SWM9,Male,48,RG254,Self_Employed,X2,85.0,No,623364,Yes,1,1.0,0.0,0.0,1.0
W9KHEEOJ,Female,29,RG254,Salaried,X1,26.0,No,1956682,No,0,1.0,0.0,1.0,0.0
SD5KZ8PG,Female,53,RG283,Self_Employed,X3,116.0,Yes,2555270,Yes,1,0.0,1.0,0.0,1.0
UCSQPRBU,Male,39,RG277,Other,X3,73.0,No,266279,No,0,1.0,0.0,1.0,0.0
VY9SCKTH,Male,27,RG283,Salaried,X1,15.0,No,1213888,Yes,0,1.0,0.0,0.0,1.0
FSTYAUFT,Male,53,RG252,Self_Employed,X4,15.0,No,256747,Yes,0,1.0,0.0,0.0,1.0
WZWFJWZL,Female,28,RG281,Other,X1,20.0,No,1006687,Yes,0,1.0,0.0,0.0,1.0
BSQ3H8PN,Female,81,RG280,Other,X1,56.0,No,298185,Yes,0,1.0,0.0,0.0,1.0
VGPQTXPD,Female,25,RG268,Salaried,X1,15.0,No,3850567,No,0,1.0,0.0,1.0,0.0
74CO7464,Male,64,RG257,Other,X3,109.0,No,475509,Yes,1,1.0,0.0,0.0,1.0
AJTWDF2N,Female,38,RG268,Self_Employed,X3,73.0,No,958271,Yes,0,1.0,0.0,0.0,1.0
7HWEQT58,Male,47,RG279,Self_Employed,X2,20.0,Yes,500331,No,0,0.0,1.0,1.0,0.0
NC43MWQX,Female,41,RG254,Self_Employed,X2,31.0,No,535575,Yes,0,1.0,0.0,0.0,1.0
DBQENEZA,Male,27,RG262,Self_Employed,X1,15.0,Yes,819218,No,0,0.0,1.0,1.0,0.0
YEJ3FOPT,Male,42,RG268,Salaried,X3,121.0,Yes,2944493,Yes,1,0.0,1.0,0.0,1.0
MZEBQQXH,Female,47,RG260,Self_Employed,X3,50.0,No,578882,No,0,1.0,0.0,1.0,0.0
BVEPBTCE,Male,40,RG257,Other,X4,13.0,Yes,419279,No,0,0.0,1.0,1.0,0.0
OAPGCMXZ,Female,31,RG250,Salaried,X1,32.0,No,1514326,No,1,1.0,0.0,1.0,0.0
5SZQJO4P,Male,61,RG251,Self_Employed,X3,99.0,No,268192,No,0,1.0,0.0,1.0,0.0
TH6DYCJV,Male,44,RG268,Self_Employed,X2,91.0,No,769529,No,0,1.0,0.0,1.0,0.0
ZJ5WN2VJ,Male,29,RG254,Salaried,X1,26.0,No,1336388,Yes,0,1.0,0.0,0.0,1.0
JZUPH3WC,Male,32,RG256,Salaried,X2,27.0,Yes,459569,Yes,0,0.0,1.0,0.0,1.0
MYCX6AG3,Male,65,RG254,Other,X3,116.0,Yes,1252826,No,1,0.0,1.0,1.0,0.0
Q9GRWVER,Female,71,RG268,Other,X3,73.0,No,1940467,Yes,1,1.0,0.0,0.0,1.0
WQZW6YT4,Male,28,RG271,Other,X1,26.0,No,1955054,No,0,1.0,0.0,1.0,0.0
FK8XWMPD,Male,56,RG257,Salaried,X2,15.0,No,908547,No,1,1.0,0.0,1.0,0.0
ZNGNIIJX,Male,53,RG254,Entrepreneur,X3,80.0,Yes,867465,No,0,0.0,1.0,1.0,0.0
JYPUOUZO,Female,51,RG254,Self_Employed,X2,19.0,No,651257,Yes,1,1.0,0.0,0.0,1.0
TTTVGAHM,Male,56,RG268,Self_Employed,X1,57.0,Yes,935372,No,0,0.0,1.0,1.0,0.0
JBJQ5G2Q,Male,42,RG257,Self_Employed,X2,63.0,No,757149,No,0,1.0,0.0,1.0,0.0
CFGNR6D3,Male,31,RG281,Salaried,X1,26.0,No,823303,No,0,1.0,0.0,1.0,0.0
N8LYBWVA,Male,36,RG274,Salaried,X1,26.0,Yes,1122913,No,1,0.0,1.0,1.0,0.0
PF3YGWSQ,Male,43,RG272,Self_Employed,X1,20.0,No,814447,No,1,1.0,0.0,1.0,0.0
RXFWVVBU,Female,70,RG281,Other,X2,33.0,No,656837,No,0,1.0,0.0,1.0,0.0
MB3UNU3C,Female,31,RG268,Salaried,X1,19.0,No,631063,Yes,0,1.0,0.0,0.0,1.0
6QOGPKXC,Female,27,RG283,Salaried,X1,15.0,Yes,1745049,No,0,0.0,1.0,1.0,0.0
MWRKYCCD,Male,64,RG272,Other,X3,39.0,No,602352,Yes,0,1.0,0.0,0.0,1.0
RNOIPDDY,Male,52,RG254,Entrepreneur,X3,116.0,No,967465,No,1,1.0,0.0,1.0,0.0
MBQDE9XV,Female,43,RG280,Other,X3,15.0,Yes,688361,Yes,1,0.0,1.0,0.0,1.0
X2PDFEK4,Male,25,RG250,Salaried,X1,13.0,Yes,469234,No,0,0.0,1.0,1.0,0.0
KWPIJSJG,Male,79,RG284,Other,X2,86.0,Yes,646326,No,0,0.0,1.0,1.0,0.0
7GWBT2JF,Female,27,RG283,Salaried,X1,21.0,No,2933466,No,0,1.0,0.0,1.0,0.0
BTASVN5N,Male,68,RG284,Other,X1,21.0,Yes,723205,No,0,0.0,1.0,1.0,0.0
HJN6OG6T,Female,26,RG252,Salaried,X1,19.0,No,305999,Yes,0,1.0,0.0,0.0,1.0
52BZDZBQ,Male,39,RG283,Other,X1,32.0,No,1637244,No,0,1.0,0.0,1.0,0.0
PRCJKLHN,Male,29,RG262,Other,X1,26.0,No,714322,Yes,0,1.0,0.0,0.0,1.0
NYR9E7J7,Male,46,RG269,Self_Employed,X2,81.0,No,3831583,No,0,1.0,0.0,1.0,0.0
NLJ6QQGZ,Male,50,RG268,Entrepreneur,X2,91.0,No,1371018,No,1,1.0,0.0,1.0,0.0
HF8PJ5SZ,Female,47,RG283,Self_Employed,X2,49.0,Yes,1553076,No,0,0.0,1.0,1.0,0.0
JCGRLBBV,Male,40,RG264,Self_Employed,X2,25.0,Yes,490799,No,1,0.0,1.0,1.0,0.0
MDHCOHXE,Female,38,RG277,Self_Employed,X3,43.0,Yes,1956495,Yes,0,0.0,1.0,0.0,1.0
UROOAPHF,Male,50,RG254,Other,X1,25.0,No,1225975,No,0,1.0,0.0,1.0,0.0
2RBDBEJR,Female,28,RG273,Other,X1,14.0,Yes,1327604,No,0,0.0,1.0,1.0,0.0
HJJBHWDF,Male,58,RG280,Self_Employed,X2,38.0,No,437630,No,0,1.0,0.0,1.0,0.0
WG5GD3XE,Male,36,RG275,Salaried,X1,33.0,No,431917,No,0,1.0,0.0,1.0,0.0
IKUFVCWZ,Male,52,RG268,Self_Employed,X3,116.0,No,1518900,Yes,0,1.0,0.0,0.0,1.0
KPQRHQ9S,Female,29,RG270,Salaried,X1,21.0,No,1432659,No,0,1.0,0.0,1.0,0.0
CNHC5U4Y,Female,45,RG279,Other,X1,27.0,No,779675,No,0,1.0,0.0,1.0,0.0
4VTSQTDR,Male,41,RG283,Salaried,X2,38.0,Yes,1750300,Yes,1,0.0,1.0,0.0,1.0
NKDAJSAW,Female,33,RG261,Salaried,X1,13.0,No,886813,No,0,1.0,0.0,1.0,0.0
C24LJT3V,Male,38,RG251,Other,X2,50.0,No,454514,No,0,1.0,0.0,1.0,0.0
M4RGYZ2N,Male,39,RG277,Salaried,X2,19.0,Yes,1059456,No,0,0.0,1.0,1.0,0.0
46C8U62O,Male,48,RG284,Self_Employed,X2,44.0,Yes,864287,No,0,0.0,1.0,1.0,0.0
ENKG9VIA,Male,27,RG269,Other,X1,26.0,No,821327,No,0,1.0,0.0,1.0,0.0
EHM32XKA,Female,26,RG282,Salaried,X1,14.0,No,703918,No,0,1.0,0.0,1.0,0.0
CFKJ6PYQ,Male,27,RG267,Salaried,X1,19.0,Yes,428677,No,0,0.0,1.0,1.0,0.0
BTOLGHJ9,Female,42,RG283,Self_Employed,X3,62.0,Yes,773899,No,0,0.0,1.0,1.0,0.0
J93HJSIZ,Male,49,RG277,Self_Employed,X1,25.0,Yes,576711,Yes,1,0.0,1.0,0.0,1.0
24TWNPYJ,Male,45,RG254,Self_Employed,X2,32.0,No,3540669,Yes,0,1.0,0.0,0.0,1.0
ADHB8BVF,Female,30,RG277,Salaried,X1,15.0,No,460325,No,1,1.0,0.0,1.0,0.0
Y3JPBEWC,Male,27,RG268,Salaried,X1,15.0,No,404318,Yes,0,1.0,0.0,0.0,1.0
MEJ4KPWV,Male,49,RG277,Self_Employed,X3,50.0,No,1057880,Yes,0,1.0,0.0,0.0,1.0
FFGTOJSK,Female,59,RG279,Self_Employed,X3,61.0,No,894957,No,0,1.0,0.0,1.0,0.0
BVS6GNHN,Female,61,RG268,Self_Employed,X3,105.0,No,591458,Yes,0,1.0,0.0,0.0,1.0
BAPGQAAR,Female,29,RG277,Salaried,X1,19.0,No,760549,Yes,0,1.0,0.0,0.0,1.0
DG4VKAB6,Female,45,RG276,Other,X3,32.0,Yes,1015338,No,0,0.0,1.0,1.0,0.0
CZA6IGYC,Male,30,RG277,Other,X1,32.0,No,666013,No,0,1.0,0.0,1.0,0.0
HGZDWMJA,Female,56,RG263,Self_Employed,X2,55.0,No,1031679,Yes,0,1.0,0.0,0.0,1.0
QFHD9K8E,Male,61,RG253,Self_Employed,X3,44.0,No,1440901,No,1,1.0,0.0,1.0,0.0
WBTUCHAI,Male,69,RG283,Other,X2,81.0,Yes,1177069,Yes,0,0.0,1.0,0.0,1.0
6WQ2VRNL,Male,56,RG283,Self_Employed,X3,13.0,No,1244487,No,1,1.0,0.0,1.0,0.0
QSMCFI8Z,Male,29,RG283,Salaried,X1,26.0,No,1260418,Yes,0,1.0,0.0,0.0,1.0
RELRUMMG,Male,40,RG253,Self_Employed,X2,15.0,Yes,2206167,No,0,0.0,1.0,1.0,0.0
MKMDJHIT,Male,26,RG257,Salaried,X1,19.0,No,1081198,No,0,1.0,0.0,1.0,0.0
LAAFATL8,Male,43,RG270,Self_Employed,X2,38.0,No,870099,Yes,0,1.0,0.0,0.0,1.0
RYKQGCLI,Male,47,RG268,Self_Employed,X3,103.0,No,1259430,No,1,1.0,0.0,1.0,0.0
F62FU6DQ,Male,53,RG283,Salaried,X1,97.0,Yes,807141,Yes,1,0.0,1.0,0.0,1.0
Q72UYPFD,Male,46,RG254,Salaried,X3,63.0,No,946212,No,1,1.0,0.0,1.0,0.0
G3HJQRXB,Female,28,RG280,Other,X3,20.0,No,646611,No,0,1.0,0.0,1.0,0.0
SINZYXCE,Male,43,RG280,Self_Employed,X2,20.0,Yes,1048464,Yes,1,0.0,1.0,0.0,1.0
DYFKEWMD,Male,70,RG284,Other,X3,68.0,Yes,1876360,Yes,0,0.0,1.0,0.0,1.0
HZNDNUKB,Female,45,RG261,Self_Employed,X1,31.0,Yes,245729,No,0,0.0,1.0,1.0,0.0
8ZMGEF76,Male,32,RG257,Self_Employed,X3,44.0,No,1183806,No,0,1.0,0.0,1.0,0.0
NWZCSWRI,Female,27,RG281,Salaried,X1,27.0,Yes,726284,No,0,0.0,1.0,1.0,0.0
W256G9AX,Female,26,RG268,Salaried,X1,15.0,No,1279793,Yes,0,1.0,0.0,0.0,1.0
WOEJVBMC,Female,51,RG284,Self_Employed,X1,81.0,No,1663178,No,0,1.0,0.0,1.0,0.0
CXNM7PZE,Female,57,RG269,Self_Employed,X2,97.0,No,1180220,No,1,1.0,0.0,1.0,0.0
RRHKIXFD,Female,31,RG282,Salaried,X1,19.0,No,778055,No,0,1.0,0.0,1.0,0.0
7RXTRDWS,Male,41,RG268,Self_Employed,X1,49.0,No,1001036,No,0,1.0,0.0,1.0,0.0
M7SZ7HFQ,Female,50,RG283,Self_Employed,X3,109.0,No,807434,Yes,1,1.0,0.0,0.0,1.0
6TSWW7J2,Male,45,RG254,Self_Employed,X2,33.0,No,1085924,Yes,0,1.0,0.0,0.0,1.0
GCY8FWQY,Male,50,RG276,Entrepreneur,X3,98.0,No,1765920,Yes,1,1.0,0.0,0.0,1.0
7D9UJIVE,Male,30,RG264,Salaried,X1,31.0,No,522590,No,0,1.0,0.0,1.0,0.0
MVQMEAVR,Female,38,RG283,Self_Employed,X3,32.0,Yes,985577,Yes,0,0.0,1.0,0.0,1.0
SAYG7E3A,Male,65,RG254,Other,X2,21.0,No,1507054,No,0,1.0,0.0,1.0,0.0
CT55ZKCD,Female,45,RG283,Other,X3,68.0,No,1745236,Yes,0,1.0,0.0,0.0,1.0
YDA8FZIU,Male,81,RG283,Other,X3,49.0,No,2066971,Yes,0,1.0,0.0,0.0,1.0
EJUBTYBC,Male,55,RG274,Self_Employed,X3,31.0,No,843728,Yes,0,1.0,0.0,0.0,1.0
9GFWWB8N,Female,46,RG268,Self_Employed,X3,73.0,Yes,1958133,No,1,0.0,1.0,1.0,0.0
VSMSRMD8,Female,29,RG280,Salaried,X2,27.0,Yes,1229748,No,1,0.0,1.0,1.0,0.0
UK2V6R8A,Female,51,RG268,Self_Employed,X3,116.0,No,1637368,Yes,1,1.0,0.0,0.0,1.0
DDWUT5CZ,Male,29,RG283,Salaried,X1,33.0,No,1808115,No,0,1.0,0.0,1.0,0.0
AR5JKEKV,Female,37,RG268,Self_Employed,X2,25.0,No,878955,Yes,0,1.0,0.0,0.0,1.0
P83BBCFT,Male,27,RG275,Salaried,X1,15.0,No,1477124,No,0,1.0,0.0,1.0,0.0
OFGKHOKN,Male,54,RG281,Self_Employed,X2,62.0,No,682941,Yes,0,1.0,0.0,0.0,1.0
BEUG82M9,Male,43,RG268,Self_Employed,X3,74.0,No,1830970,No,1,1.0,0.0,1.0,0.0
EAZFSSDQ,Female,31,RG261,Salaried,X1,20.0,No,834891,No,0,1.0,0.0,1.0,0.0
BHYV83H9,Female,28,RG276,Salaried,X1,19.0,No,468905,Yes,0,1.0,0.0,0.0,1.0
IIIGEV5Z,Male,60,RG268,Other,X2,79.0,No,776097,No,1,1.0,0.0,1.0,0.0
T7MZTLDL,Male,75,RG254,Other,X3,109.0,No,2107306,No,1,1.0,0.0,1.0,0.0
84JD9HS2,Male,30,RG257,Other,X1,13.0,No,562257,No,0,1.0,0.0,1.0,0.0
JEUQMQXU,Male,32,RG269,Self_Employed,X3,26.0,No,1088354,Yes,0,1.0,0.0,0.0,1.0
3N3YKLVB,Male,64,RG283,Other,X2,92.0,Yes,1139582,No,0,0.0,1.0,1.0,0.0
H68HREE6,Female,49,RG284,Self_Employed,X2,92.0,No,2561687,No,1,1.0,0.0,1.0,0.0
FIMBVUFK,Male,31,RG280,Salaried,X1,15.0,No,545828,No,0,1.0,0.0,1.0,0.0
BZ6VYNOT,Female,28,RG264,Salaried,X1,19.0,No,271966,No,0,1.0,0.0,1.0,0.0
SXNDPIYC,Female,49,RG281,Other,X2,91.0,No,493958,No,1,1.0,0.0,1.0,0.0
KPYIRDMW,Female,34,RG273,Other,X1,31.0,Yes,895945,No,0,0.0,1.0,1.0,0.0
6GV7UBKK,Female,56,RG284,Self_Employed,X3,104.0,No,1588000,No,0,1.0,0.0,1.0,0.0
TP7RSJMU,Female,26,RG257,Salaried,X1,13.0,No,618487,No,0,1.0,0.0,1.0,0.0
K4VACQQR,Female,30,RG263,Salaried,X1,20.0,No,423960,No,0,1.0,0.0,1.0,0.0
ENSW2L7Y,Male,30,RG254,Salaried,X1,19.0,Yes,1140143,No,0,0.0,1.0,1.0,0.0
JXEHUL4B,Male,30,RG260,Salaried,X1,32.0,No,405172,No,0,1.0,0.0,1.0,0.0
O43CMHTT,Male,55,RG267,Self_Employed,X2,51.0,No,668265,No,0,1.0,0.0,1.0,0.0
FISW7YB9,Female,65,RG284,Other,X2,26.0,No,1373474,Yes,0,1.0,0.0,0.0,1.0
WUWVSIH3,Male,31,RG260,Salaried,X1,32.0,No,524904,No,1,1.0,0.0,1.0,0.0
MSVVNG3P,Male,26,RG281,Salaried,X1,27.0,No,565274,No,0,1.0,0.0,1.0,0.0
M26HYHGH,Female,63,RG283,Other,X1,74.0,No,1123989,No,0,1.0,0.0,1.0,0.0
JV2IAUNT,Male,29,RG268,Self_Employed,X1,19.0,No,2872448,No,0,1.0,0.0,1.0,0.0
UXWKJDUM,Female,28,RG278,Salaried,X1,33.0,No,934144,No,0,1.0,0.0,1.0,0.0
BGUR4IZI,Male,34,RG280,Salaried,X2,14.0,Yes,413574,No,1,0.0,1.0,1.0,0.0
KLZQV9JD,Female,29,RG274,Salaried,X1,14.0,No,752014,No,0,1.0,0.0,1.0,0.0
EEBQJQSJ,Male,44,RG263,Self_Employed,X3,80.0,Yes,1267911,No,1,0.0,1.0,1.0,0.0
RGGUDVWV,Male,47,RG269,Other,X2,19.0,No,314125,Yes,1,1.0,0.0,0.0,1.0
DR4WMTT9,Female,32,RG284,Salaried,X1,32.0,No,695686,Yes,0,1.0,0.0,0.0,1.0
TVDG77QQ,Female,28,RG250,Salaried,X1,20.0,No,561029,No,0,1.0,0.0,1.0,0.0
QZIH8PUU,Female,49,RG268,Entrepreneur,X3,43.0,Yes,1770263,Yes,1,0.0,1.0,0.0,1.0
ECPFBT6X,Female,28,RG283,Salaried,X1,13.0,No,917857,Yes,0,1.0,0.0,0.0,1.0
B3SZXEA3,Male,85,RG282,Other,X3,115.0,Yes,891513,No,0,0.0,1.0,1.0,0.0
JNBVBAHJ,Male,28,RG268,Salaried,X1,20.0,No,570570,No,0,1.0,0.0,1.0,0.0
3UZH5WHW,Male,31,RG277,Salaried,X1,15.0,No,1130228,No,0,1.0,0.0,1.0,0.0
N8GDBLK8,Female,27,RG270,Salaried,X1,13.0,No,378321,No,0,1.0,0.0,1.0,0.0
NNLEFDDR,Male,45,RG273,Self_Employed,X2,87.0,No,972351,Yes,1,1.0,0.0,0.0,1.0
EEBMBBDY,Female,28,RG254,Other,X1,13.0,Yes,3800193,No,0,0.0,1.0,1.0,0.0
NW9NUJDS,Female,66,RG268,Other,X2,87.0,Yes,3051160,Yes,0,0.0,1.0,0.0,1.0
FXM47JQV,Female,49,RG283,Self_Employed,X3,91.0,No,613948,Yes,0,1.0,0.0,0.0,1.0
J2GK8FVE,Female,40,RG283,Self_Employed,X3,56.0,No,1318677,No,0,1.0,0.0,1.0,0.0
3WX9QJ2X,Male,42,RG268,Other,X2,14.0,No,653811,Yes,0,1.0,0.0,0.0,1.0
FZTCYCC9,Female,51,RG251,Self_Employed,X3,121.0,No,506383,No,0,1.0,0.0,1.0,0.0
GYZ8CAK3,Male,31,RG280,Other,X1,14.0,No,465087,No,0,1.0,0.0,1.0,0.0
ZRIXPDBC,Male,33,RG280,Salaried,X1,14.0,Yes,174190,No,1,0.0,1.0,1.0,0.0
UYJIMKAR,Male,51,RG277,Self_Employed,X3,39.0,Yes,411544,Yes,0,0.0,1.0,0.0,1.0
D9MWPVGG,Female,39,RG279,Self_Employed,X3,93.0,No,276896,No,1,1.0,0.0,1.0,0.0
CKCKQUVK,Male,27,RG260,Salaried,X1,27.0,Yes,557611,No,0,0.0,1.0,1.0,0.0
DUDGSTWK,Male,31,RG254,Salaried,X1,32.0,No,1199809,No,0,1.0,0.0,1.0,0.0
8DCMRMAZ,Female,43,RG282,Other,X1,33.0,No,1049140,No,0,1.0,0.0,1.0,0.0
LXY7KNVJ,Male,48,RG283,Self_Employed,X3,43.0,Yes,3278386,No,0,0.0,1.0,1.0,0.0
26QY7JID,Female,50,RG283,Self_Employed,X3,105.0,Yes,2469376,Yes,0,0.0,1.0,0.0,1.0
J8KBGLTX,Female,27,RG268,Salaried,X3,20.0,Yes,739821,No,0,0.0,1.0,1.0,0.0
YE5VRQW9,Male,57,RG282,Self_Employed,X2,86.0,No,1029596,Yes,1,1.0,0.0,0.0,1.0
95DNDGKU,Male,33,RG273,Other,X1,19.0,No,1046132,No,0,1.0,0.0,1.0,0.0
NYQVKMZG,Female,49,RG274,Self_Employed,X3,27.0,No,461028,Yes,0,1.0,0.0,0.0,1.0
XHAOSKBX,Male,49,RG268,Self_Employed,X2,62.0,No,716770,Yes,1,1.0,0.0,0.0,1.0
NDWKI89E,Male,32,RG257,Salaried,X1,25.0,No,1000911,No,0,1.0,0.0,1.0,0.0
PMXFBXHW,Male,54,RG284,Self_Employed,X2,37.0,No,1616053,Yes,0,1.0,0.0,0.0,1.0
QZJBSUK3,Male,46,RG254,Self_Employed,X3,123.0,Yes,476692,No,1,0.0,1.0,1.0,0.0
YGYDYPCJ,Male,34,RG270,Other,X1,14.0,No,683217,No,0,1.0,0.0,1.0,0.0
HEBNRSTH,Female,52,RG254,Self_Employed,X2,21.0,No,441333,No,1,1.0,0.0,1.0,0.0
CNIN5DY2,Male,30,RG268,Salaried,X1,33.0,No,1187883,No,0,1.0,0.0,1.0,0.0
CD66FUBZ,Female,28,RG254,Other,X1,25.0,No,569404,No,0,1.0,0.0,1.0,0.0
AEUQDBVO,Male,32,RG254,Salaried,X1,32.0,No,4125595,No,0,1.0,0.0,1.0,0.0
8UUD9T6E,Male,28,RG284,Other,X1,27.0,Yes,1458799,No,0,0.0,1.0,1.0,0.0
AHSFB7NX,Female,29,RG272,Other,X1,19.0,No,726044,No,0,1.0,0.0,1.0,0.0
9XR8MNCP,Male,29,RG261,Other,X1,21.0,No,1174132,No,0,1.0,0.0,1.0,0.0
UGBKSQJK,Male,28,RG254,Salaried,X1,13.0,No,919263,No,0,1.0,0.0,1.0,0.0
HEQGDEMA,Female,64,RG284,Other,X1,75.0,No,1854341,No,0,1.0,0.0,1.0,0.0
XZN2PZDG,Male,54,RG254,Self_Employed,X2,91.0,No,2108881,No,1,1.0,0.0,1.0,0.0
PQKYB7VN,Male,29,RG257,Salaried,X1,13.0,No,1081065,Yes,0,1.0,0.0,0.0,1.0
8EFNIYJ4,Female,29,RG254,Salaried,X2,19.0,Yes,2390931,Yes,0,0.0,1.0,0.0,1.0
DRBGH3DK,Female,25,RG277,Salaried,X1,20.0,No,1059972,No,0,1.0,0.0,1.0,0.0
N4RVNVMQ,Female,25,RG276,Salaried,X1,21.0,No,711964,No,0,1.0,0.0,1.0,0.0
8CU34OKF,Male,63,RG268,Salaried,X3,117.0,Yes,3005209,No,1,0.0,1.0,1.0,0.0
J4WVTIFF,Male,26,RG268,Other,X1,19.0,Yes,1092644,No,0,0.0,1.0,1.0,0.0
BG5DAIYV,Female,29,RG250,Salaried,X1,26.0,No,216617,No,1,1.0,0.0,1.0,0.0
E5W55GGY,Male,39,RG268,Self_Employed,X2,33.0,No,867874,No,0,1.0,0.0,1.0,0.0
66DTW7KH,Male,58,RG251,Self_Employed,X3,85.0,Yes,718052,No,0,0.0,1.0,1.0,0.0
NGO2QWP5,Male,85,RG284,Other,X3,122.0,No,1075662,Yes,1,1.0,0.0,0.0,1.0
ETFTALJN,Male,28,RG269,Other,X1,25.0,No,1231697,No,0,1.0,0.0,1.0,0.0
BDHVFC2R,Male,41,RG283,Other,X2,19.0,No,7880380,Yes,0,1.0,0.0,0.0,1.0
3VI39EDT,Female,34,RG277,Salaried,X1,26.0,No,334577,No,0,1.0,0.0,1.0,0.0
8OYC6S45,Male,41,RG254,Self_Employed,X1,27.0,Yes,765729,No,0,0.0,1.0,1.0,0.0
OJVCAAQF,Male,43,RG269,Self_Employed,X2,56.0,No,660460,Yes,0,1.0,0.0,0.0,1.0
A9DBJF9R,Female,33,RG261,Salaried,X3,20.0,No,1011022,No,0,1.0,0.0,1.0,0.0
RTB6QFRD,Female,40,RG255,Salaried,X1,27.0,No,1164778,No,0,1.0,0.0,1.0,0.0
4AOEWTME,Male,46,RG269,Self_Employed,X2,44.0,No,3195126,No,0,1.0,0.0,1.0,0.0
HFHJJTVR,Male,25,RG270,Salaried,X1,20.0,No,516778,No,0,1.0,0.0,1.0,0.0
HUWDHTEX,Male,65,RG283,Other,X3,98.0,No,1451047,Yes,1,1.0,0.0,0.0,1.0
8CW5GH5N,Female,26,RG268,Salaried,X1,15.0,No,727103,Yes,0,1.0,0.0,0.0,1.0
XPTOQIAF,Male,43,RG260,Other,X3,57.0,No,597706,No,0,1.0,0.0,1.0,0.0
BQYAWTNB,Female,28,RG272,Other,X1,26.0,No,760424,No,0,1.0,0.0,1.0,0.0
QUWB59KZ,Female,29,RG277,Salaried,X3,26.0,No,1428289,No,0,1.0,0.0,1.0,0.0
MKCRHMUR,Male,29,RG283,Salaried,X1,31.0,No,717776,No,0,1.0,0.0,1.0,0.0
HDVOHVA3,Male,79,RG254,Other,X2,61.0,No,2768985,Yes,1,1.0,0.0,0.0,1.0
KOYJZUZ6,Male,79,RG282,Other,X1,13.0,No,780752,No,0,1.0,0.0,1.0,0.0
L3Y2Y7XO,Male,69,RG277,Other,X3,121.0,No,793194,Yes,0,1.0,0.0,0.0,1.0
EGXPSNTN,Male,28,RG254,Salaried,X1,14.0,No,1603691,No,0,1.0,0.0,1.0,0.0
GBCNOSPM,Female,29,RG268,Other,X1,33.0,No,1057907,No,0,1.0,0.0,1.0,0.0
3F5F59ZF,Female,30,RG252,Self_Employed,X1,19.0,No,461224,No,0,1.0,0.0,1.0,0.0
KRCLPPCM,Female,40,RG268,Other,X3,81.0,No,414615,Yes,0,1.0,0.0,0.0,1.0
VHJ8CS6G,Male,30,RG254,Salaried,X1,31.0,No,2414249,No,0,1.0,0.0,1.0,0.0
YDQMKEJU,Female,30,RG269,Other,X1,26.0,No,296886,No,0,1.0,0.0,1.0,0.0
5DVD8QVC,Male,45,RG254,Other,X4,13.0,Yes,409266,No,0,0.0,1.0,1.0,0.0
MVNNT3TN,Male,55,RG268,Other,X2,104.0,No,1885509,Yes,0,1.0,0.0,0.0,1.0
EMGTT4CM,Female,28,RG273,Other,X1,27.0,No,3449426,No,0,1.0,0.0,1.0,0.0
DZYAUAHU,Female,29,RG282,Salaried,X1,26.0,No,745161,No,0,1.0,0.0,1.0,0.0
N6P8WEHE,Female,58,RG268,Self_Employed,X3,115.0,Yes,2111044,Yes,1,0.0,1.0,0.0,1.0
HTTPYGVE,Female,28,RG281,Salaried,X3,21.0,Yes,1274426,No,0,0.0,1.0,1.0,0.0
DCGY3J5E,Female,35,RG284,Self_Employed,X2,27.0,No,2188527,No,0,1.0,0.0,1.0,0.0
OTUBXGVP,Female,36,RG280,Self_Employed,X1,25.0,No,548346,No,0,1.0,0.0,1.0,0.0
RCSLEIYN,Male,32,RG277,Self_Employed,X2,15.0,No,2030446,No,0,1.0,0.0,1.0,0.0
7HEGNIPW,Female,42,RG283,Self_Employed,X3,55.0,No,1011493,Yes,0,1.0,0.0,0.0,1.0
HWSTNKCM,Female,43,RG283,Self_Employed,X3,32.0,No,984989,No,1,1.0,0.0,1.0,0.0
KZQHHIXX,Female,30,RG255,Salaried,X1,31.0,Yes,856304,No,0,0.0,1.0,1.0,0.0
I2J4QW4F,Male,74,RG281,Other,X2,81.0,No,838940,No,1,1.0,0.0,1.0,0.0
AQRKEOYZ,Male,54,RG254,Self_Employed,X3,121.0,No,3646543,No,0,1.0,0.0,1.0,0.0
MU4WXWPT,Female,52,RG280,Other,X3,68.0,Yes,961965,Yes,1,0.0,1.0,0.0,1.0
MANIZZIW,Male,47,RG272,Other,X3,51.0,No,605689,No,0,1.0,0.0,1.0,0.0
6WXXQGEM,Female,40,RG283,Other,X3,39.0,Yes,482157,Yes,1,0.0,1.0,0.0,1.0
SKPVTPFT,Male,53,RG269,Other,X3,93.0,No,1597167,Yes,1,1.0,0.0,0.0,1.0
AHM3QAXH,Female,29,RG277,Other,X1,26.0,No,667286,No,0,1.0,0.0,1.0,0.0
GE5KOEPC,Male,27,RG258,Other,X1,13.0,No,544350,No,0,1.0,0.0,1.0,0.0
GT9EH8JO,Male,45,RG268,Self_Employed,X4,14.0,No,876979,Yes,0,1.0,0.0,0.0,1.0
NFNAFDXC,Male,50,RG283,Self_Employed,X3,105.0,Yes,1596072,Yes,0,0.0,1.0,0.0,1.0
XTGR2FTW,Male,60,RG250,Self_Employed,X2,25.0,Yes,514562,No,0,0.0,1.0,1.0,0.0
WTVAMCCF,Female,63,RG261,Other,X2,13.0,No,1035515,No,0,1.0,0.0,1.0,0.0
FCFDJ4FW,Male,68,RG268,Other,X2,105.0,No,1346053,No,0,1.0,0.0,1.0,0.0
CEQRDY3D,Female,56,RG254,Self_Employed,X3,49.0,No,1516924,No,0,1.0,0.0,1.0,0.0
HYJ2A8BH,Male,30,RG272,Salaried,X1,31.0,No,412817,No,0,1.0,0.0,1.0,0.0
PGCPGZGZ,Female,57,RG268,Self_Employed,X2,63.0,No,1073393,No,1,1.0,0.0,1.0,0.0
CROZP3YP,Male,49,RG258,Self_Employed,X3,68.0,No,537382,No,1,1.0,0.0,1.0,0.0
6DSFOU9H,Male,84,RG283,Other,X3,67.0,Yes,768782,No,1,0.0,1.0,1.0,0.0
OJI36PXH,Male,31,RG257,Other,X1,25.0,No,854756,No,0,1.0,0.0,1.0,0.0
D95NAL7S,Female,63,RG283,Other,X3,45.0,No,1317280,Yes,0,1.0,0.0,0.0,1.0
YXWFQ3XE,Female,53,RG280,Self_Employed,X3,21.0,No,732033,Yes,0,1.0,0.0,0.0,1.0
AX23TZUB,Female,34,RG270,Salaried,X1,25.0,No,411464,No,0,1.0,0.0,1.0,0.0
JPGRDQG6,Male,47,RG283,Salaried,X3,80.0,No,654666,No,1,1.0,0.0,1.0,0.0
X4N2WHHK,Female,40,RG254,Self_Employed,X3,27.0,No,574877,Yes,0,1.0,0.0,0.0,1.0
Z5UBN2TO,Male,44,RG283,Self_Employed,X3,93.0,No,1477044,No,1,1.0,0.0,1.0,0.0
QZPWQW2S,Female,43,RG284,Self_Employed,X3,117.0,No,566048,Yes,1,1.0,0.0,0.0,1.0
AXR3KKOB,Male,80,RG284,Other,X3,81.0,No,683929,No,1,1.0,0.0,1.0,0.0
G7ETGUSB,Male,45,RG268,Entrepreneur,X3,98.0,No,981732,Yes,1,1.0,0.0,0.0,1.0
NOFNYBZB,Male,70,RG254,Other,X3,104.0,No,641921,No,0,1.0,0.0,1.0,0.0
R9RVHDQE,Female,34,RG264,Salaried,X1,33.0,No,776053,No,0,1.0,0.0,1.0,0.0
CVVQKZJ7,Male,46,RG269,Self_Employed,X1,25.0,No,781304,No,0,1.0,0.0,1.0,0.0
7BEM37UF,Male,39,RG272,Self_Employed,X2,26.0,No,729897,Yes,0,1.0,0.0,0.0,1.0
FX39MP4Z,Female,30,RG283,Other,X1,27.0,No,1659431,No,0,1.0,0.0,1.0,0.0
9MNPK6YR,Female,34,RG283,Salaried,X1,32.0,No,2465593,No,0,1.0,0.0,1.0,0.0
CMK8J4GM,Male,59,RG283,Other,X2,104.0,Yes,928047,No,1,0.0,1.0,1.0,0.0
UFMQRJ4M,Female,31,RG283,Other,X1,19.0,No,1495805,Yes,0,1.0,0.0,0.0,1.0
B2YYN5S8,Male,27,RG252,Salaried,X1,20.0,No,997458,No,0,1.0,0.0,1.0,0.0
6WFSERTV,Female,45,RG283,Self_Employed,X3,38.0,No,1419710,No,0,1.0,0.0,1.0,0.0
2RFEU2WQ,Male,25,RG261,Self_Employed,X1,14.0,No,1003430,No,0,1.0,0.0,1.0,0.0
ICJLRRPJ,Male,46,RG276,Other,X3,121.0,Yes,695339,Yes,1,0.0,1.0,0.0,1.0
W7COBDCR,Male,38,RG268,Self_Employed,X2,26.0,No,5857499,Yes,1,1.0,0.0,0.0,1.0
ZNAW5HPH,Female,27,RG273,Salaried,X1,14.0,No,341911,No,0,1.0,0.0,1.0,0.0
7SHG7DCX,Female,38,RG263,Other,X4,13.0,Yes,779462,No,1,0.0,1.0,1.0,0.0
RR7CJAUR,Female,82,RG283,Other,X2,86.0,Yes,736305,No,0,0.0,1.0,1.0,0.0
N7EVFJXE,Female,64,RG261,Other,X2,73.0,No,5182372,No,1,1.0,0.0,1.0,0.0
GACZ5FCX,Male,54,RG282,Other,X2,67.0,No,490621,Yes,1,1.0,0.0,0.0,1.0
6QNEW9HS,Male,55,RG254,Self_Employed,X2,44.0,No,1214707,No,0,1.0,0.0,1.0,0.0
J6OWTYWG,Female,41,RG259,Self_Employed,X2,75.0,No,534818,Yes,0,1.0,0.0,0.0,1.0
6BNVTCXU,Female,28,RG254,Salaried,X1,26.0,No,551613,No,0,1.0,0.0,1.0,0.0
KFEYNDWV,Male,26,RG283,Self_Employed,X1,14.0,Yes,1460872,No,0,0.0,1.0,1.0,0.0
USZDJQPH,Male,78,RG284,Other,X2,93.0,Yes,1988811,Yes,0,0.0,1.0,0.0,1.0
ZUODQN8C,Male,81,RG283,Other,X3,74.0,No,1207543,Yes,0,1.0,0.0,0.0,1.0
7GJ4GIPX,Male,34,RG277,Salaried,X1,14.0,No,321281,No,0,1.0,0.0,1.0,0.0
3MR5GQZ5,Male,44,RG261,Other,X3,21.0,No,1127523,Yes,1,1.0,0.0,0.0,1.0
DAXNDPQD,Female,29,RG268,Self_Employed,X1,21.0,No,1783061,Yes,0,1.0,0.0,0.0,1.0
2NKYTNBT,Male,25,RG280,Salaried,X1,20.0,No,673044,No,0,1.0,0.0,1.0,0.0
MHEKMPFE,Female,56,RG268,Salaried,X3,69.0,No,1003697,Yes,1,1.0,0.0,0.0,1.0
H9PNUHWJ,Male,32,RG268,Self_Employed,X1,21.0,No,1199951,Yes,0,1.0,0.0,0.0,1.0
CMKNJOBJ,Male,31,RG268,Salaried,X1,21.0,No,3969266,Yes,0,1.0,0.0,0.0,1.0
KSPE3XI4,Male,30,RG277,Salaried,X1,33.0,Yes,1822586,No,1,0.0,1.0,1.0,0.0
DMZDJIQC,Male,61,RG251,Self_Employed,X3,45.0,Yes,2195042,Yes,0,0.0,1.0,0.0,1.0
YJOYR4CV,Male,38,RG256,Other,X1,20.0,No,742616,No,0,1.0,0.0,1.0,0.0
EHXITTSJ,Male,52,RG283,Self_Employed,X2,50.0,No,969423,No,0,1.0,0.0,1.0,0.0
MV4JQVYA,Female,27,RG250,Salaried,X1,14.0,No,676925,No,0,1.0,0.0,1.0,0.0
F2DJFEQ9,Male,47,RG252,Self_Employed,X1,51.0,Yes,520463,Yes,0,0.0,1.0,0.0,1.0
JTWDSGMR,Male,55,RG268,Self_Employed,X3,87.0,Yes,636216,Yes,1,0.0,1.0,0.0,1.0
CCDRKEMR,Male,46,RG272,Other,X3,43.0,No,1053528,Yes,1,1.0,0.0,0.0,1.0
GTMCRBUY,Female,52,RG268,Self_Employed,X4,13.0,Yes,1611273,No,0,0.0,1.0,1.0,0.0
VXSH4V6X,Female,27,RG268,Salaried,X1,33.0,No,1465607,No,0,1.0,0.0,1.0,0.0
A7WV4QZZ,Male,29,RG258,Salaried,X1,21.0,No,925938,No,0,1.0,0.0,1.0,0.0
GZLDYWHL,Female,28,RG258,Salaried,X1,27.0,No,947689,No,0,1.0,0.0,1.0,0.0
HKUTQ98D,Female,54,RG268,Self_Employed,X3,26.0,Yes,912997,No,0,0.0,1.0,1.0,0.0
HX6DDXRH,Male,58,RG280,Self_Employed,X3,86.0,No,467614,No,1,1.0,0.0,1.0,0.0
GW7HDED2,Male,32,RG272,Salaried,X1,31.0,No,1108165,No,0,1.0,0.0,1.0,0.0
GEWVNKOE,Male,65,RG254,Other,X3,116.0,Yes,1717068,No,1,0.0,1.0,1.0,0.0
KZR4P784,Male,32,RG251,Salaried,X1,19.0,No,326986,No,0,1.0,0.0,1.0,0.0
6WT2AZMJ,Female,54,RG283,Self_Employed,X3,61.0,No,1026810,Yes,0,1.0,0.0,0.0,1.0
PDXTBIKJ,Female,29,RG284,Salaried,X1,13.0,No,741957,Yes,0,1.0,0.0,0.0,1.0
XCPE8QMW,Male,42,RG283,Self_Employed,X1,81.0,No,1720806,Yes,1,1.0,0.0,0.0,1.0
TR5HAZ7V,Female,26,RG268,Salaried,X1,15.0,No,5273143,No,0,1.0,0.0,1.0,0.0
JKT4GZXM,Male,44,RG280,Self_Employed,X2,26.0,No,789990,Yes,1,1.0,0.0,0.0,1.0
JCKSGKYB,Male,31,RG262,Salaried,X1,32.0,No,895126,No,0,1.0,0.0,1.0,0.0
RVB295BX,Female,33,RG254,Salaried,X1,25.0,No,1334439,Yes,0,1.0,0.0,0.0,1.0
BGBFLQQW,Male,43,RG268,Other,X2,31.0,Yes,856900,No,0,0.0,1.0,1.0,0.0
5HWWK2Q6,Male,29,RG270,Salaried,X1,20.0,Yes,743541,No,0,0.0,1.0,1.0,0.0
9MNMBDBK,Male,27,RG279,Salaried,X1,14.0,No,1503726,No,0,1.0,0.0,1.0,0.0
E5SCQNRQ,Male,28,RG254,Other,X1,26.0,No,1159999,Yes,0,1.0,0.0,0.0,1.0
FSDQCZMT,Male,28,RG280,Salaried,X1,25.0,No,1236156,No,0,1.0,0.0,1.0,0.0
QPFBQGGE,Male,30,RG275,Other,X1,19.0,No,688379,No,0,1.0,0.0,1.0,0.0
PEUSECOP,Female,57,RG272,Self_Employed,X2,26.0,No,974647,Yes,0,1.0,0.0,0.0,1.0
SMEQQS9Z,Male,27,RG270,Salaried,X1,15.0,No,225721,Yes,0,1.0,0.0,0.0,1.0
SVYAHVAZ,Male,67,RG253,Other,X2,56.0,No,1789558,No,0,1.0,0.0,1.0,0.0
L58HVJM2,Female,25,RG252,Salaried,X1,21.0,No,389197,No,0,1.0,0.0,1.0,0.0
6OVWXHHL,Male,65,RG283,Other,X3,74.0,No,1135729,No,0,1.0,0.0,1.0,0.0
BNF35ZZ6,Female,27,RG281,Other,X1,33.0,No,684116,No,0,1.0,0.0,1.0,0.0
9RXGVTCB,Male,29,RG278,Self_Employed,X1,27.0,No,1009108,No,0,1.0,0.0,1.0,0.0
CBPMUCBD,Male,28,RG282,Salaried,X1,19.0,Yes,886119,No,0,0.0,1.0,1.0,0.0
YRH7GNAA,Male,62,RG263,Other,X3,99.0,Yes,655307,No,0,0.0,1.0,1.0,0.0
Q3PR7DQG,Male,54,RG282,Self_Employed,X4,14.0,No,430884,Yes,0,1.0,0.0,0.0,1.0
XJGCJPXY,Male,28,RG251,Salaried,X1,20.0,No,348007,No,0,1.0,0.0,1.0,0.0
VRPAHDRZ,Male,26,RG268,Salaried,X1,13.0,No,1664522,Yes,0,1.0,0.0,0.0,1.0
DAK7UIRF,Male,78,RG268,Other,X1,68.0,No,2308962,Yes,0,1.0,0.0,0.0,1.0
SGKVHXKC,Male,50,RG277,Self_Employed,X3,111.0,No,1696135,Yes,0,1.0,0.0,0.0,1.0
SRB9YMVG,Female,78,RG283,Other,X1,45.0,Yes,2983564,No,0,0.0,1.0,1.0,0.0
